{
  "train_loss": [
    1.8988108052825927,
    1.592126574935913,
    1.410459375038147,
    1.2691119343948365,
    1.1414708011245727,
    1.0561773078155519,
    0.9946996713447571,
    0.94598140914917,
    0.9049757017326355,
    0.8723257197761536,
    0.8490597061538696,
    0.8206712014579773,
    0.8031126865959167,
    0.7782493333816528,
    0.7612543678665161,
    0.7459469933891296,
    0.7283643795013428,
    0.7087237817382812,
    0.6902671219635009,
    0.6764336618614197,
    0.6592744898986816,
    0.642671564617157,
    0.6250609094238281,
    0.6083618168830871,
    0.5930584739112854,
    0.579998514842987,
    0.5547662284278869,
    0.5397087384223938,
    0.517276723690033,
    0.5090493537139893,
    0.48231766319274905,
    0.4602531120109558,
    0.44080569145202636,
    0.4149662137889862,
    0.3937269693183899,
    0.3665272191047668,
    0.34310017606735227,
    0.31397901957511903,
    0.28258649293899535,
    0.2595432809066772,
    0.2289157352924347,
    0.2031841423177719,
    0.17613664774417878,
    0.15481095801353453,
    0.13555838428497313,
    0.11644266160726548,
    0.10795576880693436,
    0.09773996450304985,
    0.09322716558933258,
    0.08996570489168167
  ],
  "train_acc": [
    29.022,
    40.604,
    47.37,
    53.058,
    58.32,
    61.64,
    63.738,
    65.8,
    67.304,
    68.252,
    69.204,
    70.404,
    70.908,
    71.646,
    72.428,
    72.936,
    73.542,
    74.332,
    74.866,
    75.43,
    76.196,
    76.8,
    77.39,
    77.806,
    78.4,
    78.732,
    79.794,
    80.168,
    80.916,
    81.24,
    82.29,
    83.136,
    83.674,
    84.694,
    85.452,
    86.44,
    87.36,
    88.422,
    89.654,
    90.518,
    91.67,
    92.772,
    93.804,
    94.778,
    95.512,
    96.3,
    96.66,
    97.102,
    97.322,
    97.378
  ],
  "test_loss": [
    1.517896891593933,
    1.3350650882720947,
    1.1167903453826904,
    0.933361441040039,
    0.8669824247360229,
    0.8537344738006591,
    0.7936509832382203,
    0.766928845691681,
    0.6869576031684875,
    0.6002212401390076,
    0.6270355165481567,
    0.5482292164802551,
    0.528434139919281,
    0.5004148074150085,
    0.5068330619812011,
    0.4820971480369568,
    0.47038162832260133,
    0.49119240913391116,
    0.4753020034790039,
    0.434831999206543,
    0.44589984579086306,
    0.4133753661155701,
    0.40427997045516967,
    0.3882706709861755,
    0.4724004533290863,
    0.4121638740539551,
    0.3580624282836914,
    0.36667294402122497,
    0.3903411042690277,
    0.38453938455581665,
    0.33913698852062224,
    0.351777171754837,
    0.3274192048072815,
    0.32585677099227905,
    0.3228836489915848,
    0.3011309304714203,
    0.29549601566791533,
    0.3035234577178955,
    0.31740193963050845,
    0.28186930561065676,
    0.2726610322713852,
    0.2633221314430237,
    0.2724313549041748,
    0.26122073125839235,
    0.2547136622428894,
    0.2526978695392609,
    0.25627424736022947,
    0.2565908537864685,
    0.25476526136398314,
    0.2530622003078461
  ],
  "test_acc": [
    44.7,
    50.82,
    59.03,
    67.56,
    69.76,
    70.16,
    72.41,
    73.27,
    75.77,
    78.93,
    78.81,
    81.03,
    81.79,
    82.57,
    82.92,
    83.28,
    83.64,
    82.6,
    83.77,
    85.22,
    84.91,
    85.95,
    86.26,
    86.59,
    83.45,
    85.92,
    87.54,
    87.49,
    86.68,
    86.75,
    88.2,
    87.93,
    88.91,
    88.98,
    88.7,
    89.64,
    89.88,
    89.49,
    89.62,
    90.57,
    90.81,
    91.07,
    91.0,
    91.66,
    91.78,
    91.97,
    91.71,
    91.73,
    91.88,
    91.88
  ]
}