{
  "train_loss": [
    1.8137418296051024,
    1.2792342536926269,
    1.0068917457580566,
    0.8418289091873169,
    0.7150706508827209,
    0.6228769222259521,
    0.5689929112625122,
    0.5245773462867737,
    0.49834995334625243,
    0.4692393512058258,
    0.4421855090713501,
    0.4228055915737152,
    0.40715451468944547,
    0.39124608045578,
    0.3750101204490662,
    0.36187389139175413,
    0.34979328202247617,
    0.33586964581012724,
    0.319035896396637,
    0.31265460978508,
    0.29977908902168277,
    0.2882228626251221,
    0.2777376286697388,
    0.2586725709104538,
    0.2540612354183197,
    0.2351526762866974,
    0.22447571008682252,
    0.2131380042076111,
    0.1972271248650551,
    0.18289892336845398,
    0.17021422860622407,
    0.1552699328660965,
    0.140671742811203,
    0.12670068528175354,
    0.11068077241897584,
    0.10043387914180756,
    0.07905710927844048,
    0.06396990973234176,
    0.05004160943984985,
    0.04242809614539146,
    0.03338030760884285,
    0.023725567512512206,
    0.01982146483659744,
    0.016767836682200433,
    0.014202573735713958,
    0.011765224286019803,
    0.011480063712596893,
    0.010924665244817734,
    0.010356654183268548,
    0.010133905044794082
  ],
  "train_acc": [
    33.552,
    53.262,
    64.016,
    70.376,
    75.18,
    78.676,
    80.33,
    81.874,
    82.86,
    83.92,
    84.926,
    85.52,
    85.954,
    86.732,
    87.242,
    87.432,
    87.99,
    88.532,
    89.21,
    89.322,
    89.704,
    90.106,
    90.44,
    91.212,
    91.182,
    91.896,
    92.432,
    92.66,
    93.206,
    93.726,
    94.264,
    94.746,
    95.276,
    95.76,
    96.306,
    96.6,
    97.486,
    98.034,
    98.516,
    98.792,
    99.132,
    99.476,
    99.612,
    99.686,
    99.796,
    99.884,
    99.854,
    99.878,
    99.898,
    99.898
  ],
  "test_loss": [
    1.7030258388519288,
    1.317813606452942,
    0.9918768686294556,
    1.525336651611328,
    0.8242674091339112,
    0.737014352798462,
    0.7184817076683044,
    0.8460376712799073,
    0.6657974803447724,
    0.8226552734375,
    0.803995972442627,
    0.5995476380825042,
    0.4441568706512451,
    0.6135008350372314,
    0.5172603546142578,
    1.2493585731506347,
    0.45946209692955015,
    0.4387650510787964,
    0.45344195952415467,
    0.6348120027542115,
    0.4787172232151031,
    0.531977724981308,
    0.3830651967048645,
    0.4767413305282593,
    0.37948888540267944,
    0.43203972988128664,
    0.4162412296295166,
    0.3763852951049805,
    0.32941548562049866,
    0.34178483295440676,
    0.36691097774505615,
    0.332783757519722,
    0.33536151585578916,
    0.29582427949905393,
    0.2763532389640808,
    0.3236287644863129,
    0.25031895723342895,
    0.24364274039268494,
    0.24146856417655946,
    0.22047985174655915,
    0.21931429197788238,
    0.2040706431865692,
    0.2005731604576111,
    0.19833168890476227,
    0.19459093873500824,
    0.19527045097351073,
    0.19485368435382844,
    0.1940890657186508,
    0.19591084539890288,
    0.19261967861652374
  ],
  "test_acc": [
    37.59,
    52.04,
    65.52,
    53.94,
    72.22,
    74.78,
    76.42,
    73.15,
    76.82,
    75.44,
    76.54,
    79.79,
    84.63,
    80.04,
    82.9,
    64.85,
    84.66,
    85.65,
    84.97,
    80.21,
    84.03,
    83.46,
    87.23,
    85.34,
    87.9,
    85.98,
    86.71,
    87.95,
    89.05,
    89.42,
    88.46,
    89.43,
    89.39,
    90.41,
    91.35,
    90.06,
    92.3,
    92.45,
    92.51,
    93.22,
    93.3,
    93.85,
    94.11,
    94.15,
    94.19,
    94.31,
    94.28,
    94.4,
    94.28,
    94.45
  ]
}