{
  "mc_dropout_accuracy": 94.43,
  "ece": 0.021593605293333512,
  "mean_predictive_entropy": 0.0995711013674736,
  "mean_mutual_information": 0.003626321442425251,
  "correct_pred_mean_entropy": 0.06837545335292816,
  "incorrect_pred_mean_entropy": 0.6284409761428833,
  "calibration": {
    "ece": 0.021593605293333512,
    "bin_accuracies": [
      0.0,
      0.0,
      0.0,
      0.0,
      0.2,
      0.4444444444444444,
      0.46511627906976744,
      0.4625,
      0.48760330578512395,
      0.5634920634920635,
      0.5859375,
      0.6643835616438356,
      0.7409326424870466,
      0.7916666666666666,
      0.9839402850033929
    ],
    "bin_confidences": [
      0.0,
      0.0,
      0.0,
      0.24416793882846832,
      0.29520800709724426,
      0.3670586943626404,
      0.442383736371994,
      0.5074533224105835,
      0.5659648776054382,
      0.6346980929374695,
      0.7039225101470947,
      0.7694963216781616,
      0.8367514610290527,
      0.9044190645217896,
      0.9962321519851685
    ],
    "bin_counts": [
      0,
      0,
      0,
      1,
      5,
      27,
      43,
      80,
      121,
      126,
      128,
      146,
      193,
      288,
      8842
    ],
    "bin_boundaries": [
      0.0,
      0.06666666666666667,
      0.13333333333333333,
      0.2,
      0.26666666666666666,
      0.3333333333333333,
      0.4,
      0.4666666666666667,
      0.5333333333333333,
      0.6,
      0.6666666666666666,
      0.7333333333333333,
      0.8,
      0.8666666666666667,
      0.9333333333333333,
      1.0
    ]
  }
}